Workbook

Sheet Summary 
B2: Monthly Production KPIs
B4: Sr.no. | C4: Months | D4: Total Production | E4: Ok QTY | F4: Rejected QTY | G4: Rejection % | H4: Rejection PPM | I4: OEE
B5: 1 | C5: January
B6: 2 | C6: February
B7: 3 | C7: March
B8: 4 | C8: April
B9: 5 | C9: May
B10: 6 | C10: June
B11: 7 | C11: July | D11: =July!F3 -> 192717 | E11: =July!G3 -> 188138 | F11: =July!H3 -> 4624 | G11: =July!I3 -> 0.022533549 | H11: =July!J3 -> 11069242 | I11: =July!R3 -> 0.8180924
B12: 8 | C12: August | D12: =August!F3 -> 203195 | E12: =August!G3 -> 198495 | F12: =August!H3 -> 4329 | G12: =August!I3 -> 0.018261778 | H12: =August!J3 -> 10411217 | I12: =August!R3 -> 0.83621605
B13: 9 | C13: September | D13: =September!F3 -> 190432 | E13: =September!G3 -> 185931 | F13: =September!H3 -> 4501 | G13: =September!I3 -> 0.023749579 | H13: =September!J3 -> 10687310 | I13: =September!R3 -> 0.81300163
B14: 10 | C14: October
B15: 11 | C15: November
B16: 12 | C16: December

Sheet Down Time
B2: Downtime Analysis
B4: Sr. No. | C4: Downtime Reason | D4: Jan | E4: Feb | F4: Mar | G4: Apr | H4: May | I4: Jun | J4: Jul | K4: Aug | L4: Sep | M4: Oct | N4: Nov | O4: Dec | P4: Total
B5: 1 | C5: Machine Breakdown | J5: 1425 | K5: 1485 | L5: 1375 | P5: =SUM(D5:O5) -> 4285
B6: 2 | C6: Tool Failure / Tool Change | J6: 1680 | K6: 1720 | L6: 1640 | P6: =SUM(D6:O6) -> 5040
B7: 3 | C7: Setup / Changeover | J7: 1512 | K7: 1568 | L7: 1525 | P7: =SUM(D7:O7) -> 4605
B8: 4 | C8: Material Shortage | J8: 1375 | K8: 1395 | L8: 1415 | P8: =SUM(D8:O8) -> 4185
B9: 5 | C9: Power Failure | J9: 1740 | K9: 1840 | L9: 1780 | P9: =SUM(D9:O9) -> 5360
B10: 6 | C10: Operator Unavailability | J10: 1589 | K10: 1625 | L10: 1595 | P10: =SUM(D10:O10) -> 4809
B11: 7 | C11: Quality Inspection / Adjustment | J11: 1468 | K11: 1450 | L11: 1450 | P11: =SUM(D11:O11) -> 4368
B12: 8 | C12: Preventive Maintenance | J12: 1728 | K12: 1735 | L12: 1685 | P12: =SUM(D12:O12) -> 5148
B13: 9 | C13: Die / Fixture Change | J13: 1328 | K13: 1312 | L13: 1323 | P13: =SUM(D13:O13) -> 3963
B14: 10 | C14: Production Plan / Scheduling Delay | J14: 1887 | K14: 1985 | L14: 1730 | P14: =SUM(D14:O14) -> 5602
B15: Total | D15: =SUM(D5:D14) -> 0 | E15: =SUM(E5:E14) -> 0 | F15: =SUM(F5:F14) -> 0 | G15: =SUM(G5:G14) -> 0 | H15: =SUM(H5:H14) -> 0 | I15: =SUM(I5:I14) -> 0 | J15: =SUM(J5:J14) -> 15732 | K15: =SUM(K5:K14) -> 16115 | ... O15: =SUM(O5:O14) -> 0 | P15: =SUM(D15:O15) -> 47365

Sheet Rejection Analysis
B2: Rejection Analysis
B4: Sr. No. | C4: Rejection Reason | D4: Jan | E4: Feb | F4: Mar | G4: Apr | H4: May | I4: Jun | J4: Jul | K4: Aug | L4: Sep | M4: Oct | N4: Nov | O4: Dec | P4: Total
B5: 1 | C5: Dimensional Defect | J5: 325 | K5: 345 | L5: 352 | P5: =SUM(D5:O5) -> 1022
B6: 2 | C6: Surface Finish Defect | J6: 410 | K6: 382 | L6: 418 | P6: =SUM(D6:O6) -> 1210
B7: 3 | C7: Burrs / Sharp Edges | J7: 368 | K7: 410 | L7: 375 | P7: =SUM(D7:O7) -> 1153
B8: 4 | C8: Hole / Thread Defect | J8: 295 | K8: 296 | L8: 290 | P8: =SUM(D8:O8) -> 881
B9: 5 | C9: Cracks / Fractures | J9: 442 | K9: 375 | L9: 405 | P9: =SUM(D9:O9) -> 1222
B10: 6 | C10: Deformation | J10: 376 | K10: 328 | L10: 367 | P10: =SUM(D10:O10) -> 1071
B11: 7 | C11: Material Defect | J11: 350 | K11: 401 | L11: 390 | P11: =SUM(D11:O11) -> 1141
B12: 8 | C12: Machining Defect | J12: 415 | K12: 354 | L12: 328 | P12: =SUM(D12:O12) -> 1097
B13: 9 | C13: Welding Defect | J13: 389 | K13: 365 | L13: 412 | P13: =SUM(D13:O13) -> 1166
B14: 10 | C14: Other Identified Defect | J14: 360 | K14: 390 | L14: 356 | P14: =SUM(D14:O14) -> 1106
B15: 11 | C15: Wrong Assembly / Fitment | J15: 448 | K15: 312 | L15: 384 | P15: =SUM(D15:O15) -> 1144
B16: 12 | C16: Hardness / Heat Treatment Defect | J16: 446 | K16: 371 | L16: 424 | P16: =SUM(D16:O16) -> 1241
B17: Total | D17: =SUM(D5:D16) -> 0 | E17: =SUM(E5:E16) -> 0 | F17: =SUM(F5:F16) -> 0 | G17: =SUM(G5:G16) -> 0 | H17: =SUM(H5:H16) -> 0 | I17: =SUM(I5:I16) -> 0 | J17: =SUM(J5:J16) -> 4624 | K17: =SUM(K5:K16) -> 4329 | ... P17: =SUM(P5:P16) -> 13454

Sheet July
A1: JULY PRODUCTION DATA
F3: =SUM(F5:F1001) -> 192717 | G3: =SUM(G5:G1000) -> 188138 | H3: =SUM(H5:H1000) -> 4624 | I3: =AVERAGE(I451:I1001) -> 0.022533549 | J3: =SUM(J5:J1001) -> 11069242 | N3: =SUM(N5:N1000) -> 15732 | R3: =AVERAGE(R451:R1001) -> 0.8180924
A4: Sr.No | B4: Date | C4: Machine Name | D4: Shift | E4: Operator name | F4: Production | G4: Ok | H4: Rejected QTY | I4: Rej% | J4: PPM | K4: Cycle Time | L4: Operating Time | M4: Planned Production time | N4: Downtime | O4: Availability | P4: Performance | Q4: Quality | R4: OEE
A5: 1 | B5: 46204 | C5: Machine A | D5: A | E5: Rahul Shinde | F5: 274 | G5: 265 | H5: 9 | I5: =IFERROR(H5/F5,0) -> 0.032846715 | J5: =H5/F5*1000000 -> 32846.715 | K5: 1.47 | L5: 406 | M5: 450 | N5: 44 | O5: =IFERROR(L5/M5,0) -> 0.90222222 | P5: =IFERROR(F5*K5/L5,0) -> 0.99206897 | Q5: =IFERROR(G5/F5,0) -> 0.96715328 | R5: =O5*P5*Q5 -> 0.86566667
A6: 2 | B6: 46204 | C6: Machine A | D6: B | E6: Amit Patil | F6: 875 | G6: 844 | H6: 31 | I6: =IFERROR(H6/F6,0) -> 0.035428571 | J6: =H6/F6*1000000 -> 35428.571 | K6: 0.49 | L6: 419 | M6: 450 | N6: 31 | O6: =IFERROR(L6/M6,0) -> 0.93111111 | P6: =IFERROR(F6*K6/L6,0) -> 1.0232697 | Q6: =IFERROR(G6/F6,0) -> 0.96457143 | R6: =O6*P6*Q6 -> 0.91902222
A7: 3 | B7: 46204 | C7: Machine A | D7: C | E7: Nitin Jadhav | F7: 248 | G7: 243 | H7: 5 | I7: =IFERROR(H7/F7,0) -> 0.02016129 | J7: =H7/F7*1000000 -> 20161.29 | K7: 1.49 | L7: 414 | M7: 450 | N7: 36 | O7: =IFERROR(L7/M7,0) -> 0.92 | P7: =IFERROR(F7*K7/L7,0) -> 0.89256039 | Q7: =IFERROR(G7/F7,0) -> 0.97983871 | R7: =O7*P7*Q7 -> 0.8046
A8: 4 | B8: 46204 | C8: Machine B | D8: A | E8: Vikas Pawar | F8: 243 | G8: 234 | H8: 9 | I8: =IFERROR(H8/F8,0) -> 0.037037037 | J8: =H8/F8*1000000 -> 37037.037 | K8: 1.69 | L8: 438 | M8: 450 | N8: 12 | O8: =IFERROR(L8/M8,0) -> 0.97333333 | P8: =IFERROR(F8*K8/L8,0) -> 0.93760274 | Q8: =IFERROR(G8/F8,0) -> 0.96296296 | R8: =O8*P8*Q8 -> 0.8788
A9: 5 | B9: 46204 | C9: Machine B | D9: B | E9: Vikas Pawar | F9: 387 | G9: 385 | H9: 2 | I9: =IFERROR(H9/F9,0) -> 0.0051679587 | J9: =H9/F9*1000000 -> 5167.9587 | K9: 0.99 | L9: 418 | M9: 450 | N9: 32 | O9: =IFERROR(L9/M9,0) -> 0.92888889 | P9: =IFERROR(F9*K9/L9,0) -> 0.91657895 | Q9: =IFERROR(G9/F9,0) -> 0.99483204 | R9: =O9*P9*Q9 -> 0.847
A10: 6 | B10: 46204 | C10: Machine B | D10: C | E10: Suresh More | F10: 261 | G10: 252 | H10: 9 | I10: =IFERROR(H10/F10,0) -> 0.034482759 | J10: =H10/F10*1000000 -> 34482.759 | K10: 1.55 | L10: 432 | M10: 450 | N10: 18 | O10: =IFERROR(L10/M10,0) -> 0.96 | P10: =IFERROR(F10*K10/L10,0) -> 0.93645833 | Q10: =IFERROR(G10/F10,0) -> 0.96551724 | R10: =O10*P10*Q10 -> 0.868
A11: 7 | B11: 46204 | C11: Machine C | D11: A | E11: Rahul Shinde | F11: 514 | G11: 496 | H11: 18 | I11: =IFERROR(H11/F11,0) -> 0.035019455 | J11: =H11/F11*1000000 -> 35019.455 | K11: 0.86 | L11: 441 | M11: 450 | N11: 9 | O11: =IFERROR(L11/M11,0) -> 0.98 | P11: =IFERROR(F11*K11/L11,0) -> 1.0023583 | Q11: =IFERROR(G11/F11,0) -> 0.96498054 | R11: =O11*P11*Q11 -> 0.94791111
A12: 8 | B12: 46204 | C12: Machine C | D12: B | E12: Sachin Patil | F12: 549 | G12: 546 | H12: 3 | I12: =IFERROR(H12/F12,0) -> 0.0054644809 | J12: =H12/F12*1000000 -> 5464.4809 | K12: 0.63 | L12: 386 | M12: 450 | N12: 64 | O12: =IFERROR(L12/M12,0) -> 0.85777778 | P12: =IFERROR(F12*K12/L12,0) -> 0.89603627 | Q12: =IFERROR(G12/F12,0) -> 0.99453552 | R12: =O12*P12*Q12 -> 0.7644
A13: 9 | B13: 46204 | C13: Machine C | D13: C | E13: Rahul Shinde | F13: 678 | G13: 648 | H13: 30 | I13: =IFERROR(H13/F13,0) -> 0.044247788 | J13: =H13/F13*1000000 -> 44247.788 | K13: 0.57 | L13: 400 | M13: 450 | N13: 50 | O13: =IFERROR(L13/M13,0) -> 0.88888889 | P13: =IFERROR(F13*K13/L13,0) -> 0.96615 | Q13: =IFERROR(G13/F13,0) -> 0.95575221 | R13: =O13*P13*Q13 -> 0.8208
A14: 10 | B14: 46204 | C14: Machine D | D14: A | E14: Ganesh Chavan | F14: 429 | G14: 419 | H14: 10 | I14: =IFERROR(H14/F14,0) -> 0.023310023 | J14: =H14/F14*1000000 -> 23310.023 | K14: 0.82 | L14: 404 | M14: 450 | N14: 46 | O14: =IFERROR(L14/M14,0) -> 0.89777778 | P14: =IFERROR(F14*K14/L14,0) -> 0.87074257 | Q14: =IFERROR(G14/F14,0) -> 0.97668998 | R14: =O14*P14*Q14 -> 0.76351111
A15: 11 | B15: 46204 | C15: Machine D | D15: B | E15: Prakash Wagh | F15: 604 | G15: 596 | H15: 8 | I15: =IFERROR(H15/F15,0) -> 0.013245033 | J15: =H15/F15*1000000 -> 13245.033 | K15: 0.62 | L15: 417 | M15: 450 | N15: 33 | O15: =IFERROR(L15/M15,0) -> 0.92666667 | P15: =IFERROR(F15*K15/L15,0) -> 0.89803357 | Q15: =IFERROR(G15/F15,0) -> 0.98675497 | R15: =O15*P15*Q15 -> 0.82115556
A16: 12 | B16: 46204 | C16: Machine D | D16: C | E16: Amit Patil | F16: 295 | G16: 284 | H16: 11 | I16: =IFERROR(H16/F16,0) -> 0.037288136 | J16: =H16/F16*1000000 -> 37288.136 | K16: 1.32 | L16: 438 | M16: 450 | N16: 12 | O16: =IFERROR(L16/M16,0) -> 0.97333333 | P16: =IFERROR(F16*K16/L16,0) -> 0.8890411 | Q16: =IFERROR(G16/F16,0) -> 0.96271186 | R16: =O16*P16*Q16 -> 0.83306667
... A469: 465 | B469: 46234 | C469: Machine E | D469: C | E469: Akash Deshmukh | F469: 403 | G469: 399 | H469: 4 | I469: =IFERROR(H469/F469,0) -> 0.0099255583 | J469: =H469/F469*1000000 -> 9925.5583 | K469: 0.92 | L469: 425 | M469: 450 | N469: 25 | O469: =IFERROR(L469/M469,0) -> 0.94444444 | P469: =IFERROR(F469*K469/L469,0) -> 0.87237647 | Q469: =IFERROR(G469/F469,0) -> 0.99007444 | R469: =O469*P469*Q469 -> 0.81573333

Sheet August
A1: AUGUST PRODUCTION DATA
F3: =SUM(F5:F1001) -> 203195 | G3: =SUM(G5:G1001) -> 198495 | H3: =SUM(H5:H1001) -> 4329 | I3: =AVERAGE(I452:I1001) -> 0.018261778 | J3: =SUM(J5:J1000) -> 10411217 | N3: =SUM(N5:N1000) -> 16115 | R3: =AVERAGE(R452:R1001) -> 0.83621605
A4: Sr.No | B4: Date | C4: Machine Name | D4: Shift | E4: Operator name | F4: Production | G4: Ok | H4: Rejected QTY | I4: Rej% | J4: PPM | K4: Cycle Time | L4: Operating Time | M4: Planned Production time | N4: Downtime | O4: Availability | P4: Performance | Q4: Quality | R4: OEE
A5: 1 | B5: 46235 | C5: Machine A | D5: A | E5: Ganesh Chavan | F5: 560 | G5: 547 | H5: 13 | I5: =IFERROR(H5/F5,0) -> 0.023214286 | J5: =I5*1000000 -> 23214.286 | K5: 0.63 | L5: 400 | M5: 450 | N5: 50 | O5: =IFERROR(L5/M5,0) -> 0.88888889 | P5: =IFERROR(F5*K5/L5,0) -> 0.882 | Q5: =IFERROR(G5/F5,0) -> 0.97678571 | R5: =O5*P5*Q5 -> 0.7658
A6: 2 | B6: 46235 | C6: Machine A | D6: B | E6: Akash Deshmukh | F6: 245 | G6: 234 | H6: 11 | I6: =IFERROR(H6/F6,0) -> 0.044897959 | J6: =I6*1000000 -> 44897.959 | K6: 1.6 | L6: 413 | M6: 450 | N6: 37 | O6: =IFERROR(L6/M6,0) -> 0.91777778 | P6: =IFERROR(F6*K6/L6,0) -> 0.94915254 | Q6: =IFERROR(G6/F6,0) -> 0.95510204 | R6: =O6*P6*Q6 -> 0.832
A7: 3 | B7: 46235 | C7: Machine A | D7: C | E7: Rahul Shinde | F7: 376 | G7: 360 | H7: 16 | I7: =IFERROR(H7/F7,0) -> 0.042553191 | J7: =I7*1000000 -> 42553.191 | K7: 0.95 | L7: 406 | M7: 450 | N7: 44 | O7: =IFERROR(L7/M7,0) -> 0.90222222 | P7: =IFERROR(F7*K7/L7,0) -> 0.87980296 | Q7: =IFERROR(G7/F7,0) -> 0.95744681 | R7: =O7*P7*Q7 -> 0.76
A8: 4 | B8: 46235 | C8: Machine B | D8: A | E8: Nitin Jadhav | F8: 525 | G8: 521 | H8: 4 | I8: =IFERROR(H8/F8,0) -> 0.0076190476 | J8: =I8*1000000 -> 7619.0476 | K8: 0.71 | L8: 385 | M8: 450 | N8: 65 | O8: =IFERROR(L8/M8,0) -> 0.85555556 | P8: =IFERROR(F8*K8/L8,0) -> 0.96818182 | Q8: =IFERROR(G8/F8,0) -> 0.99238095 | R8: =O8*P8*Q8 -> 0.82202222
A9: 5 | B9: 46235 | C9: Machine B | D9: B | E9: Sachin Patil | F9: 323 | G9: 320 | H9: 3 | I9: =IFERROR(H9/F9,0) -> 0.0092879257 | J9: =I9*1000000 -> 9287.9257 | K9: 1.03 | L9: 401 | M9: 450 | N9: 49 | O9: =IFERROR(L9/M9,0) -> 0.89111111 | P9: =IFERROR(F9*K9/L9,0) -> 0.82965087 | Q9: =IFERROR(G9/F9,0) -> 0.99071207 | R9: =O9*P9*Q9 -> 0.73244444
A10: 6 | B10: 46235 | C10: Machine B | D10: C | E10: Nitin Jadhav | F10: 413 | G10: 396 | H10: 17 | I10: =IFERROR(H10/F10,0) -> 0.041162228 | J10: =I10*1000000 -> 41162.228 | K10: 1.02 | L10: 431 | M10: 450 | N10: 19 | O10: =IFERROR(L10/M10,0) -> 0.95777778 | P10: =IFERROR(F10*K10/L10,0) -> 0.97740139 | Q10: =IFERROR(G10/F10,0) -> 0.95883777 | R10: =O10*P10*Q10 -> 0.8976
A11: 7 | B11: 46235 | C11: Machine C | D11: A | E11: Prakash Wagh | F11: 239 | G11: 236 | H11: 3 | I11: =IFERROR(H11/F11,0) -> 0.012552301 | J11: =I11*1000000 -> 12552.301 | K11: 1.51 | L11: 428 | M11: 450 | N11: 22 | O11: =IFERROR(L11/M11,0) -> 0.95111111 | P11: =IFERROR(F11*K11/L11,0) -> 0.84320093 | Q11: =IFERROR(G11/F11,0) -> 0.9874477 | R11: =O11*P11*Q11 -> 0.79191111
A12: 8 | B12: 46235 | C12: Machine C | D12: B | E12: Akash Deshmukh | F12: 605 | G12: 593 | H12: 12 | I12: =IFERROR(H12/F12,0) -> 0.019834711 | J12: =I12*1000000 -> 19834.711 | K12: 0.72 | L12: 429 | M12: 450 | N12: 21 | O12: =IFERROR(L12/M12,0) -> 0.95333333 | P12: =IFERROR(F12*K12/L12,0) -> 1.0153846 | Q12: =IFERROR(G12/F12,0) -> 0.98016529 | R12: =O12*P12*Q12 -> 0.9488
A13: 9 | B13: 46235 | C13: Machine C | D13: C | E13: Prakash Wagh | F13: 637 | G13: 624 | H13: 13 | I13: =IFERROR(H13/F13,0) -> 0.020408163 | J13: =I13*1000000 -> 20408.163 | K13: 0.68 | L13: 437 | M13: 450 | N13: 13 | O13: =IFERROR(L13/M13,0) -> 0.97111111 | P13: =IFERROR(F13*K13/L13,0) -> 0.99121281 | Q13: =IFERROR(G13/F13,0) -> 0.97959184 | R13: =O13*P13*Q13 -> 0.94293333
A14: 10 | B14: 46235 | C14: Machine D | D14: A | E14: Nitin Jadhav | F14: 1033 | G14: 996 | H14: 37 | I14: =IFERROR(H14/F14,0) -> 0.035818006 | J14: =I14*1000000 -> 35818.006 | K14: 0.4 | L14: 440 | M14: 450 | N14: 10 | O14: =IFERROR(L14/M14,0) -> 0.97777778 | P14: =IFERROR(F14*K14/L14,0) -> 0.93909091 | Q14: =IFERROR(G14/F14,0) -> 0.96418199 | R14: =O14*P14*Q14 -> 0.88533333
A15: 11 | B15: 46235 | C15: Machine D | D15: B | E15: Sachin Patil | F15: 666 | G15: 640 | H15: 26 | I15: =IFERROR(H15/F15,0) -> 0.039039039 | J15: =I15*1000000 -> 39039.039 | K15: 0.66 | L15: 436 | M15: 450 | N15: 14 | O15: =IFERROR(L15/M15,0) -> 0.96888889 | P15: =IFERROR(F15*K15/L15,0) -> 1.0081651 | Q15: =IFERROR(G15/F15,0) -> 0.96096096 | R15: =O15*P15*Q15 -> 0.93866667
A16: 12 | B16: 46235 | C16: Machine D | D16: C | E16: Suresh More | F16: 221 | G16: 212 | H16: 9 | I16: =IFERROR(H16/F16,0) -> 0.040723982 | J16: =I16*1000000 -> 40723.982 | K16: 1.58 | L16: 441 | M16: 450 | N16: 9 | O16: =IFERROR(L16/M16,0) -> 0.98 | P16: =IFERROR(F16*K16/L16,0) -> 0.79179138 | Q16: =IFERROR(G16/F16,0) -> 0.95927602 | R16: =O16*P16*Q16 -> 0.74435556
... A451: 447 | B451: 46264 | C451: Machine D | D451: C | E451: Rohan Kale | F451: 431 | G451: 429 | H451: 2 | I451: =IFERROR(H451/F451,0) -> 0.0046403712 | J451: =I451*1000000 -> 4640.3712 | K451: 0.77 | L451: 401 | M451: 450 | N451: 49 | O451: =IFERROR(L451/M451,0) -> 0.89111111 | P451: =IFERROR(F451*K451/L451,0) -> 0.82760599 | Q451: =IFERROR(G451/F451,0) -> 0.99535963 | R451: =O451*P451*Q451 -> 0.73406667
A452: 448 | B452: 46264 | C452: Machine E | D452: A | E452: Sachin Patil | F452: 340 | G452: 333 | H452: 5 | I452: =IFERROR(H452/F452,0) -> 0.014705882 | J452: =H452/F452*1000000 -> 14705.882 | K452: 1.15 | L452: 416 | M452: 450 | N452: 34 | O452: =IFERROR(L452/M452,0) -> 0.92444444 | P452: =IFERROR(F452*K452/L452,0) -> 0.93990385 | Q452: =IFERROR(G452/F452,0) -> 0.97941176 | R452: =O452*P452*Q452 -> 0.851
A453: 449 | B453: 46264 | C453: Machine E | D453: B | E453: Rohan Kale | F453: 281 | G453: 278 | H453: 3 | I453: =IFERROR(H453/F453,0) -> 0.010676157 | J453: =H453/F453*1000000 -> 10676.157 | K453: 1.15 | L453: 403 | M453: 450 | N453: 47 | O453: =IFERROR(L453/M453,0) -> 0.89555556 | P453: =IFERROR(F453*K453/L453,0) -> 0.80186104 | Q453: =IFERROR(G453/F453,0) -> 0.98932384 | R453: =O453*P453*Q453 -> 0.71044444
A454: 450 | B454: 46264 | C454: Machine E | D454: C | E454: Nitin Jadhav | F454: 245 | G454: 235 | H454: 10 | I454: =IFERROR(H454/F454,0) -> 0.040816327 | J454: =H454/F454*1000000 -> 40816.327 | K454: 1.7 | L454: 413 | M454: 450 | N454: 37 | O454: =IFERROR(L454/M454,0) -> 0.91777778 | P454: =IFERROR(F454*K454/L454,0) -> 1.0084746 | Q454: =IFERROR(G454/F454,0) -> 0.95918367 | R454: =O454*P454*Q454 -> 0.88777778
A455: 451 | B455: 46265 | C455: Machine A | D455: A | E455: Suresh More | F455: 313 | G455: 307 | H455: 6 | I455: =IFERROR(H455/F455,0) -> 0.019169329 | J455: =H455/F455*1000000 -> 19169.329 | K455: 1.29 | L455: 399 | M455: 450 | N455: 51 | O455: =IFERROR(L455/M455,0) -> 0.88666667 | P455: =IFERROR(F455*K455/L455,0) -> 1.0119549 | Q455: =IFERROR(G455/F455,0) -> 0.98083067 | R455: =O455*P455*Q455 -> 0.88006667
A456: 452 | B456: 46265 | C456: Machine A | D456: B | E456: Ganesh Chavan | F456: 966 | G456: 959 | H456: 7 | I456: =IFERROR(H456/F456,0) -> 0.0072463768 | J456: =H456/F456*1000000 -> 7246.3768 | K456: 0.36 | L456: 431 | M456: 450 | N456: 19 | O456: =IFERROR(L456/M456,0) -> 0.95777778 | P456: =IFERROR(F456*K456/L456,0) -> 0.80686775 | Q456: =IFERROR(G456/F456,0) -> 0.99275362 | R456: =O456*P456*Q456 -> 0.7672
A457: 453 | B457: 46265 | C457: Machine A | D457: C | E457: Prakash Wagh | F457: 490 | G457: 472 | H457: 18 | I457: =IFERROR(H457/F457,0) -> 0.036734694 | J457: =H457/F457*1000000 -> 36734.694 | K457: 0.86 | L457: 442 | M457: 450 | N457: 8 | O457: =IFERROR(L457/M457,0) -> 0.98222222 | P457: =IFERROR(F457*K457/L457,0) -> 0.95339367 | Q457: =IFERROR(G457/F457,0) -> 0.96326531 | R457: =O457*P457*Q457 -> 0.90204444
A458: 454 | B458: 46265 | C458: Machine B | D458: A | E458: Rohan Kale | F458: 322 | G458: 316 | H458: 6 | I458: =IFERROR(H458/F458,0) -> 0.01863354 | J458: =H458/F458*1000000 -> 18633.54 | K458: 1.21 | L458: 404 | M458: 450 | N458: 46 | O458: =IFERROR(L458/M458,0) -> 0.89777778 | P458: =IFERROR(F458*K458/L458,0) -> 0.96440594 | Q458: =IFERROR(G458/F458,0) -> 0.98136646 | R458: =O458*P458*Q458 -> 0.84968889
A459: 455 | B459: 46265 | C459: Machine B | D459: B | E459: Rahul Shinde | F459: 1004 | G459: 987 | H459: 5 | I459: =IFERROR(H459/F459,0) -> 0.0049800797 | J459: =H459/F459*1000000 -> 4980.0797 | K459: 0.37 | L459: 437 | M459: 450 | N459: 13 | O459: =IFERROR(L459/M459,0) -> 0.97111111 | P459: =IFERROR(F459*K459/L459,0) -> 0.85006865 | Q459: =IFERROR(G459/F459,0) -> 0.98306773 | R459: =O459*P459*Q459 -> 0.81153333
A460: 456 | B460: 46265 | C460: Machine B | D460: C | E460: Rohan Kale | F460: 534 | G460: 517 | H460: 17 | I460: =IFERROR(H460/F460,0) -> 0.031835206 | J460: =H460/F460*1000000 -> 31835.206 | K460: 0.75 | L460: 413 | M460: 450 | N460: 37 | O460: =IFERROR(L460/M460,0) -> 0.91777778 | P460: =IFERROR(F460*K460/L460,0) -> 0.96973366 | Q460: =IFERROR(G460/F460,0) -> 0.96816479 | R460: =O460*P460*Q460 -> 0.86166667
A461: 457 | B461: 46265 | C461: Machine C | D461: A | E461: Akash Deshmukh | F461: 707 | G461: 685 | H461: 2 | I461: =IFERROR(H461/F461,0) -> 0.0028288543 | J461: =H461/F461*1000000 -> 2828.8543 | K461: 0.55 | L461: 396 | M461: 450 | N461: 54 | O461: =IFERROR(L461/M461,0) -> 0.88 | P461: =IFERROR(F461*K461/L461,0) -> 0.98194444 | Q461: =IFERROR(G461/F461,0) -> 0.9688826 | R461: =O461*P461*Q461 -> 0.83722222
A462: 458 | B462: 46265 | C462: Machine C | D462: B | E462: Prakash Wagh | F462: 610 | G462: 597 | H462: 2 | I462: =IFERROR(H462/F462,0) -> 0.0032786885 | J462: =H462/F462*1000000 -> 3278.6885 | K462: 0.63 | L462: 427 | M462: 450 | N462: 23 | O462: =IFERROR(L462/M462,0) -> 0.94888889 | P462: =IFERROR(F462*K462/L462,0) -> 0.9 | Q462: =IFERROR(G462/F462,0) -> 0.97868852 | R462: =O462*P462*Q462 -> 0.8358
A463: 459 | B463: 46265 | C463: Machine C | D463: C | E463: Akash Deshmukh | F463: 724 | G463: 719 | H463: 5 | I463: =IFERROR(H463/F463,0) -> 0.0069060773 | J463: =H463/F463*1000000 -> 6906.0773 | K463: 0.51 | L463: 406 | M463: 450 | N463: 44 | O463: =IFERROR(L463/M463,0) -> 0.90222222 | P463: =IFERROR(F463*K463/L463,0) -> 0.90945813 | Q463: =IFERROR(G463/F463,0) -> 0.99309392 | R463: =O463*P463*Q463 -> 0.81486667
... A469: 465 | B469: 46265 | C469: Machine E | D469: C | E469: Rohan Kale | F469: 508 | G469: 506 | H469: 2 | I469: =IFERROR(H469/F469,0) -> 0.0039370079 | J469: =H469/F469*1000000 -> 3937.0079 | K469: 0.74 | L469: 417 | M469: 450 | N469: 33 | O469: =IFERROR(L469/M469,0) -> 0.92666667 | P469: =IFERROR(F469*K469/L469,0) -> 0.90148681 | Q469: =IFERROR(G469/F469,0) -> 0.99606299 | R469: =O469*P469*Q469 -> 0.83208889

Sheet September
A1: SEPTEMBER PRODUCTION DATA
F3: =SUM(F5:F1001) -> 190432 | G3: =SUM(G5:G1001) -> 185931 | H3: =SUM(H5:H1001) -> 4501 | I3: =AVERAGE(I5:I1001) -> 0.023749579 | J3: =SUM(J5:J1000) -> 10687310 | N3: =SUM(N5:N1000) -> 15521 | R3: =AVERAGE(R5:R1000) -> 0.81300163
A4: Sr.No | B4: Date | C4: Machine Name | D4: Shift | E4: Operator name | F4: Production | G4: Ok | H4: Rejected QTY | I4: Rej% | J4: PPM | K4: Cycle Time | L4: Operating Time | M4: Planned Production time | N4: Downtime | O4: Availability | P4: Performance | Q4: Quality | R4: OEE
A5: 1 | B5: 46266 | C5: Machine A | D5: A | E5: Nitin Jadhav | F5: 248 | G5: 241 | H5: 7 | I5: =IFERROR(H5/F5,0) -> 0.028225806 | J5: =H5/F5*1000000 -> 28225.806 | K5: 1.52 | L5: 440 | M5: 450 | N5: 10 | O5: =IFERROR(L5/M5,0) -> 0.97777778 | P5: =IFERROR(F5*K5/L5,0) -> 0.85672727 | Q5: =IFERROR(G5/F5,0) -> 0.97177419 | R5: =O5*P5*Q5 -> 0.81404444
A6: 2 | B6: 46266 | C6: Machine A | D6: B | E6: Prakash Wagh | F6: 856 | G6: 828 | H6: 28 | I6: =IFERROR(H6/F6,0) -> 0.03271028 | J6: =H6/F6*1000000 -> 32710.28 | K6: 0.41 | L6: 439 | M6: 450 | N6: 11 | O6: =IFERROR(L6/M6,0) -> 0.97555556 | P6: =IFERROR(F6*K6/L6,0) -> 0.7994533 | Q6: =IFERROR(G6/F6,0) -> 0.96728972 | R6: =O6*P6*Q6 -> 0.7544
A7: 3 | B7: 46266 | C7: Machine A | D7: C | E7: Sachin Patil | F7: 855 | G7: 844 | H7: 11 | I7: =IFERROR(H7/F7,0) -> 0.012865497 | J7: =H7/F7*1000000 -> 12865.497 | K7: 0.45 | L7: 445 | M7: 450 | N7: 5 | O7: =IFERROR(L7/M7,0) -> 0.98888889 | P7: =IFERROR(F7*K7/L7,0) -> 0.86460674 | Q7: =IFERROR(G7/F7,0) -> 0.9871345 | R7: =O7*P7*Q7 -> 0.844
A8: 4 | B8: 46266 | C8: Machine B | D8: A | E8: Amit Patil | F8: 651 | G8: 623 | H8: 28 | I8: =IFERROR(H8/F8,0) -> 0.043010753 | J8: =H8/F8*1000000 -> 43010.753 | K8: 0.62 | L8: 416 | M8: 450 | N8: 34 | O8: =IFERROR(L8/M8,0) -> 0.92444444 | P8: =IFERROR(F8*K8/L8,0) -> 0.97024038 | Q8: =IFERROR(G8/F8,0) -> 0.95698925 | R8: =O8*P8*Q8 -> 0.85835556
A9: 5 | B9: 46266 | C9: Machine B | D9: B | E9: Rohan Kale | F9: 655 | G9: 635 | H9: 20 | I9: =IFERROR(H9/F9,0) -> 0.030534351 | J9: =H9/F9*1000000 -> 30534.351 | K9: 0.55 | L9: 388 | M9: 450 | N9: 62 | O9: =IFERROR(L9/M9,0) -> 0.86222222 | P9: =IFERROR(F9*K9/L9,0) -> 0.92847938 | Q9: =IFERROR(G9/F9,0) -> 0.96946565 | R9: =O9*P9*Q9 -> 0.77611111
A10: 6 | B10: 46266 | C10: Machine B | D10: C | E10: Rahul Shinde | F10: 268 | G10: 258 | H10: 10 | I10: =IFERROR(H10/F10,0) -> 0.037313433 | J10: =H10/F10*1000000 -> 37313.433 | K10: 1.38 | L10: 387 | M10: 450 | N10: 63 | O10: =IFERROR(L10/M10,0) -> 0.86 | P10: =IFERROR(F10*K10/L10,0) -> 0.95565891 | Q10: =IFERROR(G10/F10,0) -> 0.96268657 | R10: =O10*P10*Q10 -> 0.7912
A11: 7 | B11: 46266 | C11: Machine C | D11: A | E11: Akash Deshmukh | F11: 344 | G11: 341 | H11: 3 | I11: =IFERROR(H11/F11,0) -> 0.0087209302 | J11: =H11/F11*1000000 -> 8720.9302 | K11: 1.05 | L11: 420 | M11: 450 | N11: 30 | O11: =IFERROR(L11/M11,0) -> 0.93333333 | P11: =IFERROR(F11*K11/L11,0) -> 0.86 | Q11: =IFERROR(G11/F11,0) -> 0.99127907 | R11: =O11*P11*Q11 -> 0.79566667
A12: 8 | B12: 46266 | C12: Machine C | D12: B | E12: Nitin Jadhav | F12: 248 | G12: 244 | H12: 4 | I12: =IFERROR(H12/F12,0) -> 0.016129032 | J12: =H12/F12*1000000 -> 16129.032 | K12: 1.31 | L12: 413 | M12: 450 | N12: 37 | O12: =IFERROR(L12/M12,0) -> 0.91777778 | P12: =IFERROR(F12*K12/L12,0) -> 0.78663438 | Q12: =IFERROR(G12/F12,0) -> 0.98387097 | R12: =O12*P12*Q12 -> 0.71031111
A13: 9 | B13: 46266 | C13: Machine C | D13: C | E13: Akash Deshmukh | F13: 836 | G13: 811 | H13: 25 | I13: =IFERROR(H13/F13,0) -> 0.029904306 | J13: =H13/F13*1000000 -> 29904.306 | K13: 0.49 | L13: 436 | M13: 450 | N13: 14 | O13: =IFERROR(L13/M13,0) -> 0.96888889 | P13: =IFERROR(F13*K13/L13,0) -> 0.93954128 | Q13: =IFERROR(G13/F13,0) -> 0.97009569 | R13: =O13*P13*Q13 -> 0.88308889
A14: 10 | B14: 46266 | C14: Machine D | D14: A | E14: Rahul Shinde | F14: 362 | G14: 354 | H14: 8 | I14: =IFERROR(H14/F14,0) -> 0.022099448 | J14: =H14/F14*1000000 -> 22099.448 | K14: 0.96 | L14: 434 | M14: 450 | N14: 16 | O14: =IFERROR(L14/M14,0) -> 0.96444444 | P14: =IFERROR(F14*K14/L14,0) -> 0.80073733 | Q14: =IFERROR(G14/F14,0) -> 0.97790055 | R14: =O14*P14*Q14 -> 0.7552
A15: 11 | B15: 46266 | C15: Machine D | D15: B | E15: Prakash Wagh | F15: 438 | G15: 428 | H15: 10 | I15: =IFERROR(H15/F15,0) -> 0.02283105 | J15: =H15/F15*1000000 -> 22831.05 | K15: 0.86 | L15: 408 | M15: 450 | N15: 42 | O15: =IFERROR(L15/M15,0) -> 0.90666667 | P15: =IFERROR(F15*K15/L15,0) -> 0.92323529 | Q15: =IFERROR(G15/F15,0) -> 0.97716895 | R15: =O15*P15*Q15 -> 0.81795556
A16: 12 | B16: 46266 | C16: Machine D | D16: C | E16: Sachin Patil | F16: 387 | G16: 374 | H16: 13 | I16: =IFERROR(H16/F16,0) -> 0.033591731 | J16: =H16/F16*1000000 -> 33591.731 | K16: 1.06 | L16: 402 | M16: 450 | N16: 48 | O16: =IFERROR(L16/M16,0) -> 0.89333333 | P16: =IFERROR(F16*K16/L16,0) -> 1.0204478 | Q16: =IFERROR(G16/F16,0) -> 0.96640827 | R16: =O16*P16*Q16 -> 0.88097778
... A454: 450 | B454: 46295 | C454: Machine E | D454: C | E454: Nitin Jadhav | F454: 431 | G454: 413 | H454: 18 | I454: =IFERROR(H454/F454,0) -> 0.041763341 | J454: =H454/F454*1000000 -> 41763.341 | K454: 0.95 | L454: 420 | M454: 450 | N454: 30 | O454: =IFERROR(L454/M454,0) -> 0.93333333 | P454: =IFERROR(F454*K454/L454,0) -> 0.97488095 | Q454: =IFERROR(G454/F454,0) -> 0.95823666 | R454: =O454*P454*Q454 -> 0.87188889
